Reference,Value,Footprint,LCSC Part #
"BOOT1,EN1",TS-1088-AR02016,,C720477
"C1,C2",22uF,,C342620
C4,68nF,,C107098
C5,220pF,,C1603
"C6,C7",2.2uF,,C50254
C10,1uF,,C1848
C11,100nF,,C14663
CN1,JL-P001 OBD2,,C9900237086
D1,5.0SMDJ24A-Q,,C18347535
"D2,D3","BZX84-C12,215",lcsc_footprints:C108437_SOT-23_L2_9-W1_3-P1_90-LS2_4-BR,C108437
D4,SS56,,C65009
H1,HDR-F-2.54_1x2,,C49661
"H2,H3,H4,H6,H7,H8",2.54-1*4P母,,C2718488
"H12,H13",HDR-F-2.54_1x6,,C40877
L1,22uH,,C52196365
Q2,2N3904_C54426189,,C54426189
Q3,IRF4905PBF,lcsc_footprints:C2564_TO-220-3_L10_0-W4_5-P2_54-T,C2564
R1,2.2kΩ,,C2907234
"R2,R4,R5,R7,R12,R13",10kΩ,,C17902
"R3,R10",4.7kΩ,,C17673
R8,200kΩ,,C17539
R9,31.6kΩ,,C185339
U1,ESP32-C3-MINI-1-H4X,,C41349510
U2,TPS54360BQDDARQ1,,C2687968
U3,XF-001,,C17700140
"U4,U5",1N5819W_C5451628,,C5451628
U6,SN65HVD232QDRQ1,lcsc_footprints:C130019_SOIC-8_L4_9-W3_9-P1_27-LS6_0-BL,C130019
U9,2.55kΩ,,C2930415
